{
  "factor_type": "flop_factor",
  "criteria_weight": 1.0,
  "gradient_multiplier": 0.2,
  "gate_init_prob": 0.995,
  "edge_multipliers": [1.1150496170808224,0.33798317692350993,0.46445896449762464,0.2759585578916239,0.4369972726989295,0.25491158188712615,0.4639139232863526,1.651223007545244,1.031700469100436,0.2575888722326037,0.23227140849583464,0.4067265223498414,0.24342379020339716,0.44454399716269327,0.2837987660845319,0.4287797282828326,1.1074714175500378,0.6889234138109933,0.2328164497071126,0.2173875908034125,0.38106765917303365,0.30362988092541865,0.40270160263583166,0.2531087532652268,0.4265157109437118,0.23797337809067684,0.3812353641611229,0.2381830093257824,0.39569991938333393,0.9172440969743243,1.1779466331308188,0.6708199523345416,0.5669593215199684,0.7556726868409933,0.5429269305291924,0.758194251126108,1.0331669722646182],
  "static_total_cost":76848.0
}