{
  "factor_type": "flop_factor",
  "criteria_weight": 0.25,
  "gradient_multiplier": 0.2,
  "gate_init_prob": 0.995,
  "edge_multipliers": [1.1833694225722502,0.3600209100401452,0.47713508721414877,0.28944321872099993,0.507447416617383,0.3589398541345969,0.4993690696615113,1.8067742830585576,2.734402907079771,0.9453920217149427,0.38679629900837637,0.3968611464198144,0.35668557535868145,0.5068730387374949,0.41878411780318403,0.4022497991101831,1.164665492549563,0.9678398032159151,0.6243580195999809,0.7246425445969337,0.6055517761132486,0.8072016446983484,0.552637985941653,0.7664547838104437,0.6054251659354204,0.7611000997043627,0.5570106691562933,0.725831445047244,0.5735088135127794,0.8588983287119982,0.9380496899021039,0.4635476534963131,0.304146763065655,0.3164389790758432,0.3202156680387733,0.33017463934332225,0.7756829887117012],
  "static_total_cost":76848.0
}